Record Number;Reference Number;ESN/CAP #;Description;Manufacturer;Model Number;Type;Vendor;In Stock;Returned to Vendor;Remarks;Date In Stock;Received Via;Date to Vendor;Comm Box;Purchased;Purchase Price;Purchase Date;Authority for Purchase;Donated;Donated Date;Loan;Loan Date;Rental;Rental Date;Rental Fee;Rental Period;Location;Telephone Number;Physical Inventory;RMC Shipping Date;Shipping Weight;Maintenance Comment
1;MCBL-0014;902109;MCBL KIT;Pelican;1620;CASE-MCBL;DSMC;-1;0;;2018-10-05 00:00:00;;;MCBL-0014;0;331.95;;;0;;0;;0;;0.0;;DROHQ;;0;2018-07-04 00:00:00;65;
2;LE547-9112;951626;DELL E547 6PK;PELICAN;1620;CASE-LE547;DSMC;-1;0;;2018-10-05 00:00:00;;;LE547-9112;0;331.95;;;0;;0;;0;;0.0;;DROHQ;;0;2018-07-04 00:00:00;69;
3;E547-0306;930235;LAPTOP COMPUTER;DELL;LATITUDE E5470;LT-E5470;DSMC;0;0;;2018-10-05 00:00:00;;;UNASSIGNED;0;1200.0;;;0;;0;;0;;0.0;;DROHQ;;0;2018-07-04 00:00:00;0;
4;E547-0009;915721;LAPTOP COMPUTER;DELL;LATITUDE E5470;LT-E5470;DSMC;-1;0;;2018-10-05 00:00:00;;;LE547-9112;0;1200.0;;;0;;0;;0;;0.0;;DROHQ;;0;2018-07-04 00:00:00;0;
5;E547-1776;949284;LAPTOP COMPUTER;DELL;LATITUDE E5470;LT-E5470;DSMC;-1;0;;2018-10-05 00:00:00;;;LE547-9112;0;1200.0;;;0;;0;;0;;0.0;;DROHQ;;0;2018-07-04 00:00:00;0;
6;E547-1945;949541;LAPTOP COMPUTER;DELL;LATITUDE E5470;LT-E5470;DSMC;-1;0;;2018-10-05 00:00:00;;;LE547-9112;0;1200.0;;;0;;0;;0;;0.0;;DROHQ;;0;2018-07-04 00:00:00;0;
7;E547-1325;948441;LAPTOP COMPUTER;DELL;LATITUDE E5470;LT-E5470;DSMC;0;0;;2018-10-05 00:00:00;;;UNASSIGNED;0;1200.0;;;0;;0;;0;;0.0;;DROHQ;;0;2018-07-04 00:00:00;0;
8;E547-2184;949782;LAPTOP COMPUTER;DELL;LATITUDE E5470;LT-E5470;DSMC;0;0;;2018-10-05 00:00:00;;;UNASSIGNED;0;1200.0;;;0;;0;;0;;0.0;;DROHQ;;0;2018-07-04 00:00:00;0;
9;LE547-9109;951973;DELL E547 6PK;PELICAN;1620;CASE-LE547;DSMC;-1;0;;2018-10-05 00:00:00;;;LE547-9109;0;331.95;;;0;;0;;0;;0.0;;DROHQ;;0;2018-07-04 00:00:00;69;
10;E547-1941;949437;LAPTOP COMPUTER;DELL;LATITUDE E5470;LT-E5470;DSMC;-1;0;;2018-10-05 00:00:00;;;LE547-9109;0;1200.0;;;0;;0;;0;;0.0;;DROHQ;;0;2018-07-04 00:00:00;0;
11;E547-1534;948651;LAPTOP COMPUTER;DELL;LATITUDE E5470;LT-E5470;DSMC;0;0;;2018-10-05 00:00:00;;;UNASSIGNED;0;1200.0;;;0;;0;;0;;0.0;;DROHQ;;0;2018-07-04 00:00:00;0;
12;E547-2978;951175;LAPTOP COMPUTER;DELL;LATITUDE E5470;LT-E5470;DSMC;0;0;;2018-10-05 00:00:00;;;UNASSIGNED;0;1200.0;;;0;;0;;0;;0.0;;DROHQ;;0;2018-07-04 00:00:00;0;
13;E547-2331;949931;LAPTOP COMPUTER;DELL;LATITUDE E5470;LT-E5470;DSMC;0;0;;2018-10-05 00:00:00;;;UNASSIGNED;0;1200.0;;;0;;0;;0;;0.0;;DROHQ;;0;2018-07-04 00:00:00;0;
14;E547-2894;950939;LAPTOP COMPUTER;DELL;LATITUDE E5470;LT-E5470;DSMC;0;0;;2018-10-05 00:00:00;;;UNASSIGNED;0;1200.0;;;0;;0;;0;;0.0;;DROHQ;;0;2018-07-04 00:00:00;0;
15;E547-1492;948588;LAPTOP COMPUTER;DELL;LATITUDE E5470;LT-E5470;DSMC;-1;0;;2018-10-05 00:00:00;;;LE547-9109;0;1200.0;;;0;;0;;0;;0.0;;DROHQ;;0;2018-07-04 00:00:00;0;
16;LE547-9106;951864;DELL E547 6PK;PELICAN;1620;CASE-LE547;DSMC;-1;0;;2018-10-05 00:00:00;;;LE547-9106;0;331.95;;;0;;0;;0;;0.0;;DROHQ;;0;2018-07-04 00:00:00;69;
17;E547-1930;949526;LAPTOP COMPUTER;DELL;LATITUDE E5470;LT-E5470;DSMC;0;0;;2018-10-05 00:00:00;;;UNASSIGNED;0;1200.0;;;0;;0;;0;;0.0;;DROHQ;;0;2018-07-04 00:00:00;0;
18;E547-1916;949512;LAPTOP COMPUTER;DELL;LATITUDE E5470;LT-E5470;DSMC;-1;0;;2018-10-05 00:00:00;;;LE547-9106;0;1200.0;;;0;;0;;0;;0.0;;DROHQ;;0;2018-07-04 00:00:00;0;
19;E547-1463;948579;LAPTOP COMPUTER;DELL;LATITUDE E5470;LT-E5470;DSMC;0;0;;2018-10-05 00:00:00;;;UNASSIGNED;0;1200.0;;;0;;0;;0;;0.0;;DROHQ;;0;2018-07-04 00:00:00;0;
20;E547-1865;949461;LAPTOP COMPUTER;DELL;LATITUDE E5470;LT-E5470;DSMC;0;0;;2018-10-05 00:00:00;;;UNASSIGNED;0;1200.0;;;0;;0;;0;;0.0;;DROHQ;;0;2018-07-04 00:00:00;0;
21;E547-1892;949488;LAPTOP COMPUTER;DELL;LATITUDE E5470;LT-E5470;DSMC;-1;0;;2018-10-05 00:00:00;;;LE547-9106;0;1200.0;;;0;;0;;0;;0.0;;DROHQ;;0;2018-07-04 00:00:00;0;
22;E547-1298;948414;LAPTOP COMPUTER;DELL;LATITUDE E5470;LT-E5470;DSMC;-1;0;;2018-10-05 00:00:00;;;LE547-9106;0;1200.0;;;0;;0;;0;;0.0;;DROHQ;;0;2018-07-04 00:00:00;0;
23;LE547-9060;951685;DELL E547 6PK;PELICAN;1620;CASE-LE547;DSMC;-1;0;;2018-10-05 00:00:00;;;LE547-9060;0;331.95;;;0;;0;;0;;0.0;;DROHQ;;0;2018-07-04 00:00:00;69;
24;E547-1565;948680;LAPTOP COMPUTER;DELL;LATITUDE E5470;LT-E5470;DSMC;-1;0;;2018-10-05 00:00:00;;;LE547-9060;0;1200.0;;;0;;0;;0;;0.0;;DROHQ;;0;2018-07-04 00:00:00;0;
25;E547-1931;949527;LAPTOP COMPUTER;DELL;LATITUDE E5470;LT-E5470;DSMC;-1;0;;2018-10-05 00:00:00;;;LE547-9060;0;1200.0;;;0;;0;;0;;0.0;;DROHQ;;0;2018-07-04 00:00:00;0;
26;E547-0077;915789;LAPTOP COMPUTER;DELL;LATITUDE E5470;LT-E5470;DSMC;-1;0;;2018-10-05 00:00:00;;;LE547-9060;0;1200.0;;;0;;0;;0;;0.0;;DROHQ;;0;2018-07-04 00:00:00;0;
27;E547-1703;948823;LAPTOP COMPUTER;DELL;LATITUDE E5470;LT-E5470;DSMC;-1;0;;2018-10-05 00:00:00;;;LE547-9060;0;1200.0;;;0;;0;;0;;0.0;;DROHQ;;0;2018-07-04 00:00:00;0;
28;E547-1944;949440;LAPTOP COMPUTER;DELL;LATITUDE E5470;LT-E5470;DSMC;-1;0;;2018-10-05 00:00:00;;;LE547-9060;0;1200.0;;;0;;0;;0;;0.0;;DROHQ;;0;2018-07-04 00:00:00;0;
29;E547-1414;948530;LAPTOP COMPUTER;DELL;LATITUDE E5470;LT-E5470;DSMC;-1;0;;2018-10-05 00:00:00;;;LE547-9060;0;1200.0;;;0;;0;;0;;0.0;;DROHQ;;0;2018-07-04 00:00:00;0;
30;LE547-9100;951814;DELL E547 6PK;PELICAN;1620;CASE-LE547;DSMC;-1;0;;2018-10-05 00:00:00;;;LE547-9100;0;331.95;;;0;;0;;0;;0.0;;DROHQ;;0;2018-07-04 00:00:00;69;
31;E547-2351;949912;LAPTOP COMPUTER;DELL;LATITUDE E5470;LT-E5470;DSMC;-1;0;;2018-10-05 00:00:00;;;LE547-9100;0;1200.0;;;0;;0;;0;;0.0;;DROHQ;;0;2018-07-04 00:00:00;0;
32;E547-2332;949932;LAPTOP COMPUTER;DELL;LATITUDE E5470;LT-E5470;DSMC;-1;0;;2018-10-05 00:00:00;;;LE547-9100;0;1200.0;;;0;;0;;0;;0.0;;DROHQ;;0;2018-07-04 00:00:00;0;
33;E547-2405;950002;LAPTOP COMPUTER;DELL;LATITUDE E5470;LT-E5470;DSMC;-1;0;;2018-10-05 00:00:00;;;LE547-9100;0;1200.0;;;0;;0;;0;;0.0;;DROHQ;;0;2018-07-04 00:00:00;0;
34;E547-1310;948426;LAPTOP COMPUTER;DELL;LATITUDE E5470;LT-E5470;DSMC;-1;0;;2018-10-05 00:00:00;;;LE547-9100;0;1200.0;;;0;;0;;0;;0.0;;DROHQ;;0;2018-07-04 00:00:00;0;
35;E547-2562;950187;LAPTOP COMPUTER;DELL;LATITUDE E5470;LT-E5470;DSMC;-1;0;;2018-10-05 00:00:00;;;LE547-9100;0;1200.0;;;0;;0;;0;;0.0;;DROHQ;;0;2018-07-04 00:00:00;0;
36;E547-2098;949696;LAPTOP COMPUTER;DELL;LATITUDE E5470;LT-E5470;DSMC;-1;0;;2018-10-05 00:00:00;;;LE547-9100;0;1200.0;;;0;;0;;0;;0.0;;DROHQ;;0;2018-07-04 00:00:00;0;
37;LE547-9200;951789;DELL E547 6PK;PELICAN;1620;CASE-LE547;DSMC;-1;0;;2018-10-05 00:00:00;;;LE547-9200;0;331.95;;;0;;0;;0;;0.0;;DROHQ;;0;2018-07-04 00:00:00;69;
38;E547-0410;930338;LAPTOP COMPUTER;DELL;LATITUDE E5470;LT-E5470;DSMC;0;0;;2018-10-05 00:00:00;;;UNASSIGNED;0;1200.0;;;0;;0;;0;;0.0;;DROHQ;;0;2018-07-04 00:00:00;0;
39;E547-1498;948614;LAPTOP COMPUTER;DELL;LATITUDE E5470;LT-E5470;DSMC;0;0;;2018-10-05 00:00:00;;;UNASSIGNED;0;1200.0;;;0;;0;;0;;0.0;;DROHQ;;0;2018-07-04 00:00:00;0;
40;E547-1398;948514;LAPTOP COMPUTER;DELL;LATITUDE E5470;LT-E5470;DSMC;0;0;;2018-10-05 00:00:00;;;UNASSIGNED;0;1200.0;;;0;;0;;0;;0.0;;DROHQ;;0;2018-07-04 00:00:00;0;
41;E547-2892;950937;LAPTOP COMPUTER;DELL;LATITUDE E5470;LT-E5470;DSMC;0;0;;2018-10-05 00:00:00;;;UNASSIGNED;0;1200.0;;;0;;0;;0;;0.0;;DROHQ;;0;2018-07-04 00:00:00;0;
42;E547-2115;949713;LAPTOP COMPUTER;DELL;LATITUDE E5470;LT-E5470;DSMC;0;0;;2018-10-05 00:00:00;;;UNASSIGNED;0;1200.0;;;0;;0;;0;;0.0;;DROHQ;;0;2018-07-04 00:00:00;0;
43;E547-1491;948589;LAPTOP COMPUTER;DELL;LATITUDE E5470;LT-E5470;DSMC;0;0;;2018-10-05 00:00:00;;;UNASSIGNED;0;1200.0;;;0;;0;;0;;0.0;;DROHQ;;0;2018-07-04 00:00:00;0;
44;XMPK-9922;922281;PRINTER, MULTIFUNCTION KIT;PELICAN;0370;CASE-MPKX;DSMC;-1;0;;2018-10-05 00:00:00;;;XMPK-9922;0;719.99;;;0;;0;;0;;0.0;;DROHQ;;0;2018-07-04 00:00:00;49;
45;KPL-0121;956246;MULTIFUNCTION PRINTER;XEROX;WORKCENTRE 3220;PRN-MF;DSMC;0;0;;2018-10-05 00:00:00;;;UNASSIGNED;0;300.0;;;0;;0;;0;;0.0;;DROHQ;;0;2018-07-04 00:00:00;0;
46;POKI-911031;911031;KPL KIT;PELICAN;1620;CASE-POKI;DSMC;-1;0;;2018-10-05 00:00:00;;;POKI-911031;0;331.95;;;0;;0;;0;;0.0;;DROHQ;;0;2018-07-04 00:00:00;49;
47;KPL-0051;956196;LASER JET PRINTER;OKI;B4350;PRN-OKI;DSMC;0;0;;2018-10-05 00:00:00;;;KPL-0051;0;239.0;;;0;;0;;0;;0.0;;DROHQ;;0;2018-07-04 00:00:00;0;
48;USK-9999;950978;UNIFI SWITCH KIT;PELICAN;1600;CASE-NS;DSMC;-1;0;;2018-10-05 00:00:00;;;USK-9999;0;521.95;;;0;;0;;0;;0.0;;DROHQ;;0;2018-07-04 00:00:00;36;
49;USKS-959721;959721;SWITCH;UBIQUITI NETWORKS;UNIFI SWITCH 24;SW-24;DSMC;-1;0;;2018-10-05 00:00:00;;;USK-9999;0;300.0;;;0;;0;;0;;0.0;;DROHQ;;0;2018-07-04 00:00:00;0;
50;EXT-959730;959730;EXTENSION CORD KIT;PELICAN;3560;CASE-EXT;DSMC;-1;0;;2018-10-05 00:00:00;;;EXT-959730;0;770.0;;;0;;0;;0;;0.0;;DROHQ;;0;2018-07-04 00:00:00;55;
51;WNKU-0920;995596;WIRELESS NETWORK KIT UBIQUITI;PELICAN;1520;CASE-WNKU;DSMC;-1;0;;2018-10-05 00:00:00;;;WNKU-0920;0;265.5;;;0;;0;;0;;0.0;;DROHQ;;0;2018-07-04 00:00:00;10;
52;UAP-0920;995446;WIRELESS ACCESS POINT;UBIQUITI NETWORKS;UAP-AC-LR;WAP;DSMC;-1;0;;2018-10-05 00:00:00;;;WNKU-0920;0;100.0;;;0;;0;;0;;0.0;;DROHQ;;0;2018-07-04 00:00:00;0;
53;WNKU-0916;995503;WIRELESS NETWORK KIT UBIQUITI;PELICAN;1520;CASE-WNKU;DSMC;-1;0;;2018-10-05 00:00:00;;;WNKU-0916;0;265.5;;;0;;0;;0;;0.0;;DROHQ;;0;2018-07-04 00:00:00;10;
54;UAP-0916;995358;WIRELESS ACCESS POINT;UBIQUITI NETWORKS;UAP-AC-LR;WAP;DSMC;-1;0;;2018-10-05 00:00:00;;;WNKU-0916;0;100.0;;;0;;0;;0;;0.0;;DROHQ;;0;2018-07-04 00:00:00;0;
55;PROJ-9999;925762;PROJECTOR KIT;PELICAN;1600;CASE-PROJ;DSMC;-1;0;;2018-10-05 00:00:00;;;PROJ-9999;0;221.95;;;0;;0;;0;;0.0;;DROHQ;;0;2018-07-04 00:00:00;21;
56;FBL-0012;921676;FBL KIT;PELICAN;1600;CASE-FBL;DSMC;0;0;;2018-10-05 00:00:00;;;FBL-0012;0;221.95;;;0;;0;;0;;0.0;;DROHQ;;0;2018-07-04 00:00:00;30;
57;930189;930189;BASE TRANSCEIVER;VERTEX;FTL-1011H;RAD-FBL;DSMC;-1;0;;2018-10-05 00:00:00;;;FBL-0012;0;614.0;;;0;;0;;0;;0.0;;DROHQ;;0;2018-07-04 00:00:00;0;
58;LBM-0131;930956;LBM KIT;PELICAN;1400;CASE-LBM;DSMC;-1;0;;2018-10-05 00:00:00;;;LBM-0131;0;101.95;;;0;;0;;0;;0.0;;DROHQ;;0;2018-07-04 00:00:00;12;
59;942681;942681;MOBILE TRANSCEIVER;VERTEX;VX-5500L;RAD-LBM;DSMC;-1;0;;2018-10-05 00:00:00;;;LBM-0131;0;760.0;;;0;;0;;0;;0.0;;DROHQ;;0;2018-07-04 00:00:00;0;
60;LHH-0035;938080;LHH KIT;PELICAN;1550;CASE-LHH;DSMC;-1;0;;2018-10-05 00:00:00;;;LHH-0035;0;187.5;;;0;;0;;0;;0.0;;DROHQ;;0;2018-07-04 00:00:00;29;
61;912442;912442;HANDHELD TRANSCEIVER;VERTEX;VX-510L;RAD-LHH;DSMC;-1;0;;2018-10-05 00:00:00;;;LHH-0035;0;59.9;;;0;;0;;0;;0.0;;DROHQ;;0;2018-07-04 00:00:00;0;
62;912448;912448;HANDHELD TRANSCEIVER;VERTEX;VX-510L;RAD-LHH;DSMC;0;0;;2018-10-05 00:00:00;;;LHH-0035;0;59.9;;;0;;0;;0;;0.0;;DROHQ;;0;2018-07-04 00:00:00;0;
63;912461;912461;HANDHELD TRANSCEIVER;VERTEX;VX-510L;RAD-LHH;DSMC;-1;0;;2018-10-05 00:00:00;;;LHH-0035;0;59.9;;;0;;0;;0;;0.0;;DROHQ;;0;2018-07-04 00:00:00;0;
64;912476;912476;HANDHELD TRANSCEIVER;VERTEX;VX-510L;RAD-LHH;DSMC;0;0;;2018-10-05 00:00:00;;;LHH-0035;0;59.9;;;0;;0;;0;;0.0;;DROHQ;;0;2018-07-04 00:00:00;0;
65;912480;912480;HANDHELD TRANSCEIVER;VERTEX;VX-510L;RAD-LHH;DSMC;-1;0;;2018-10-05 00:00:00;;;LHH-0035;0;59.9;;;0;;0;;0;;0.0;;DROHQ;;0;2018-07-04 00:00:00;0;
66;912482;912482;HANDHELD TRANSCEIVER;VERTEX;VX-510L;RAD-LHH;DSMC;-1;0;;2018-10-05 00:00:00;;;LHH-0035;0;59.9;;;0;;0;;0;;0.0;;DROHQ;;0;2018-07-04 00:00:00;0;
67;932379;932379;HANDHELD TRANSCEIVER;VERTEX;VX-510L;RAD-LHH;DSMC;-1;0;;2018-10-05 00:00:00;;;LHH-0035;0;59.9;;;0;;0;;0;;0.0;;DROHQ;;0;2018-07-04 00:00:00;0;
68;936192;936192;HANDHELD TRANSCEIVER;VERTEX;VX-510L;RAD-LHH;DSMC;-1;0;;2018-10-05 00:00:00;;;LHH-0035;0;59.9;;;0;;0;;0;;0.0;;DROHQ;;0;2018-07-04 00:00:00;0;
69;936193;936193;HANDHELD TRANSCEIVER;VERTEX;VX-510L;RAD-LHH;DSMC;-1;0;;2018-10-05 00:00:00;;;LHH-0035;0;59.9;;;0;;0;;0;;0.0;;DROHQ;;0;2018-07-04 00:00:00;0;
70;936196;936196;HANDHELD TRANSCEIVER;VERTEX;VX-510L;RAD-LHH;DSMC;-1;0;;2018-10-05 00:00:00;;;LHH-0035;0;59.9;;;0;;0;;0;;0.0;;DROHQ;;0;2018-07-04 00:00:00;0;
71;IPP-0002;958548;IP PHN KIT;HARDIGG;IM2975;CASE-IPP;DSMC;-1;0;;2018-10-05 00:00:00;;;IPP-0002;0;302.95;;;0;;0;;0;;0.0;;DROHQ;;0;2018-07-04 00:00:00;69;
72;571-918-5680;954575;IP PHONE;POLYCOM INC.;SOUNDPOINT IP 335;VoIP-PHN;DSMC;0;0;;2018-10-05 00:00:00;;;IPP-0002;0;139.99;;;0;;0;;0;;0.0;;DROHQ;571-918-5680;0;2018-07-04 00:00:00;0;
73;571-918-5681;954583;IP PHONE;POLYCOM INC.;SOUNDPOINT IP 335;VoIP-PHN;DSMC;0;0;;2018-10-05 00:00:00;;;IPP-0002;0;139.99;;;0;;0;;0;;0.0;;DROHQ;571-918-5681;0;2018-07-04 00:00:00;0;
74;571-918-5682;962243;IP PHONE;POLYCOM INC.;SOUNDPOINT IP 335;VoIP-PHN;DSMC;0;0;;2018-10-05 00:00:00;;;IPP-0002;0;139.99;;;0;;0;;0;;0.0;;DROHQ;571-918-5682;0;2018-07-04 00:00:00;0;
75;571-918-5683;954579;IP PHONE;POLYCOM INC.;SOUNDPOINT IP 335;VoIP-PHN;DSMC;-1;0;;2018-10-05 00:00:00;;;IPP-0002;0;139.99;;;0;;0;;0;;0.0;;DROHQ;571-918-5683;0;2018-07-04 00:00:00;0;
76;571-918-5684;954584;IP PHONE;POLYCOM INC.;SOUNDPOINT IP 335;VoIP-PHN;DSMC;-1;0;;2018-10-05 00:00:00;;;IPP-0002;0;139.99;;;0;;0;;0;;0.0;;DROHQ;571-918-5684;0;2018-07-04 00:00:00;0;
77;571-918-5685;955921;IP PHONE;POLYCOM INC.;SOUNDPOINT IP 335;VoIP-PHN;DSMC;0;0;;2018-10-05 00:00:00;;;IPP-0002;0;139.99;;;0;;0;;0;;0.0;;DROHQ;571-918-5685;0;2018-07-04 00:00:00;0;
78;571-918-5686;955915;IP PHONE;POLYCOM INC.;SOUNDPOINT IP 335;VoIP-PHN;DSMC;-1;0;;2018-10-05 00:00:00;;;IPP-0002;0;139.99;;;0;;0;;0;;0.0;;DROHQ;571-918-5686;0;2018-07-04 00:00:00;0;
79;571-918-5687;955932;IP PHONE;POLYCOM INC.;SOUNDPOINT IP 335;VoIP-PHN;DSMC;-1;0;;2018-10-05 00:00:00;;;IPP-0002;0;139.99;;;0;;0;;0;;0.0;;DROHQ;571-918-5687;0;2018-07-04 00:00:00;0;
80;571-918-5688;955931;IP PHONE;POLYCOM INC.;SOUNDPOINT IP 335;VoIP-PHN;DSMC;-1;0;;2018-10-05 00:00:00;;;IPP-0002;0;139.99;;;0;;0;;0;;0.0;;DROHQ;571-918-5688;0;2018-07-04 00:00:00;0;
81;571-918-5689;955922;IP PHONE;POLYCOM INC.;SOUNDPOINT IP 335;VoIP-PHN;DSMC;0;0;;2018-10-05 00:00:00;;;IPP-0002;0;139.99;;;0;;0;;0;;0.0;;DROHQ;571-918-5689;0;2018-07-04 00:00:00;0;
82;DST-0031;922127;DST KIT;PELICAN;1660;CASE-DST;DSMC;-1;0;;2018-10-05 00:00:00;;;DST-0031;0;426.95;;;0;;0;;0;;0.0;;DROHQ;;0;2018-07-04 00:00:00;140;
83;USB-923244;923244;USB 6PK;PELICAN;1150;USB;DSMC;-1;0;;2018-10-05 00:00:00;;;DST-0031;0;186.5;;;0;;0;;0;;0.0;;DROHQ;;0;2018-07-04 00:00:00;0;
84;952488;952488;SELF REGISTRATION GUN;SYMBOL;LS2208;BAR;DSMC;-1;0;;2018-10-05 00:00:00;;;DST-0031;0;147.0;;;0;;0;;0;;0.0;;DROHQ;;0;2018-07-04 00:00:00;0;
85;PSK-910907;910907;PSK POWER STRIP 30PK;PELICAN;1600;CASE-PSK;DSMC;-1;0;;2018-10-05 00:00:00;;;PSK-910907;0;221.95;;;0;;0;;0;;0.0;;DROHQ;;0;2018-07-04 00:00:00;40;
86;EXT-910922;910922;EXT EXTENSION CORD KIT;PELICAN;1620;CASE-EXT;DSMC;-1;0;;2018-10-05 00:00:00;;;EXT-910922;0;331.95;;;0;;0;;0;;0.0;;DROHQ;;0;2018-07-04 00:00:00;76;
87;VIA-9123;975241;VIASAT SURFBEAM 2 VSAT;VIASAT;SURFBEAM 2 PRO;CASE-VIASAT;DSMC;-1;0;;2018-10-05 00:00:00;;;VIA-9123;0;0.0;;;0;;0;;0;;0.0;;DROHQ;;0;2018-07-04 00:00:00;60;
88;VIA-9103;975205;VIASAT SURFBEAM 2 VSAT;VIASAT;SURFBEAM 2 PRO;CASE-VIASAT;DSMC;-1;0;;2018-10-05 00:00:00;;;VIA-9103;0;0.0;;;0;;0;;0;;0.0;;DROHQ;;0;2018-07-04 00:00:00;60;
89;T45-9915;972330;LAPTOP COMPUTER;LENOVO;THINKPAD 450;SERV;DSMC;-1;0;;2018-10-05 00:00:00;;;SCK-99;0;1000.0;;;0;;0;;0;;0.0;;DROHQ;;0;2018-07-04 00:00:00;0;
90;UBD-99A;975103;EXTERNAL HARD DRIVE;SEAGATE;STAX500102;MISC-RCO;DSMC;-1;0;;2018-10-05 00:00:00;;;SCK-99;0;99.99;;;0;;0;;0;;0.0;;DROHQ;;0;2018-07-04 00:00:00;0;
91;UBD-99B;975109;EXTERNAL HARD DRIVE;SEAGATE;STAX500102;MISC-RCO;DSMC;-1;0;;2018-10-05 00:00:00;;;SCK-99;0;99.99;;;0;;0;;0;;0.0;;DROHQ;;0;2018-07-04 00:00:00;0;
92;SCK-99;961801;SERVER CONNECTIVITY KIT;PELICAN;1620;CASE-SCK;DSMC;-1;0;;2018-10-05 00:00:00;;;SCK-99;0;2131.93;;;0;;0;;0;;0.0;;DROHQ;;0;2018-07-04 00:00:00;64;
93;VZN7-9945;942598;VERIZON SMARTPHONE KIT;PELICAN;1520;CASE-VZN;DSMC;-1;0;;2018-10-05 00:00:00;;;VZN7-9945;0;165.5;;;0;;0;;0;;0.0;;DROHQ;;0;2018-07-04 00:00:00;14;
94;571-205-3223;969711;CELL PHONE;SAMSUNG;GALAXY S7;CELL-VS;DSMC;0;0;;2018-10-05 00:00:00;;;UNASSIGNED;0;600.0;;;0;;0;;0;;0.0;;DROHQ;571-205-3223;0;2018-07-04 00:00:00;0;
95;571-205-2978;969642;CELL PHONE;SAMSUNG;GALAXY S7;CELL-VS;DSMC;0;0;;2018-10-05 00:00:00;;;UNASSIGNED;0;600.0;;;0;;0;;0;;0.0;;DROHQ;571-205-2978;0;2018-07-04 00:00:00;0;
96;571-205-3353;969659;CELL PHONE;SAMSUNG;GALAXY S7;CELL-VS;DSMC;0;0;;2018-10-05 00:00:00;;;UNASSIGNED;0;600.0;;;0;;0;;0;;0.0;;DROHQ;571-205-3353;0;2018-07-04 00:00:00;0;
97;571-205-3146;969760;CELL PHONE;SAMSUNG;GALAXY S7;CELL-VS;DSMC;0;0;;2018-10-05 00:00:00;;;UNASSIGNED;0;600.0;;;0;;0;;0;;0.0;;DROHQ;571-205-3146;0;2018-07-04 00:00:00;0;
98;571-205-3357;969686;CELL PHONE;SAMSUNG;GALAXY S7;CELL-VS;DSMC;0;0;;2018-10-05 00:00:00;;;UNASSIGNED;0;600.0;;;0;;0;;0;;0.0;;DROHQ;571-205-3357;0;2018-07-04 00:00:00;0;
99;571-205-3477;969726;CELL PHONE;SAMSUNG;GALAXY S7;CELL-VS;DSMC;0;0;;2018-10-05 00:00:00;;;UNASSIGNED;0;600.0;;;0;;0;;0;;0.0;;DROHQ;571-205-3477;0;2018-07-04 00:00:00;0;
100;571-205-3401;969675;CELL PHONE;SAMSUNG;GALAXY S7;CELL-VS;DSMC;0;0;;2018-10-05 00:00:00;;;UNASSIGNED;0;600.0;;;0;;0;;0;;0.0;;DROHQ;571-205-3401;0;2018-07-04 00:00:00;0;
101;571-205-3174;969703;CELL PHONE;SAMSUNG;GALAXY S7;CELL-VS;DSMC;0;0;;2018-10-05 00:00:00;;;UNASSIGNED;0;600.0;;;0;;0;;0;;0.0;;DROHQ;571-205-3174;0;2018-07-04 00:00:00;0;
102;571-439-1781;969992;CELL PHONE;SAMSUNG;GALAXY S7;CELL-VS;DSMC;0;0;;2018-10-05 00:00:00;;;UNASSIGNED;0;600.0;;;0;;0;;0;;0.0;;DROHQ;571-439-1781;0;2018-07-04 00:00:00;0;
103;571-205-3124;969725;CELL PHONE;SAMSUNG;GALAXY S7;CELL-VS;DSMC;0;0;;2018-10-05 00:00:00;;;UNASSIGNED;0;600.0;;;0;;0;;0;;0.0;;DROHQ;571-205-3124;0;2018-07-04 00:00:00;0;
104;VZN7-9918;939509;VERIZON SMARTPHONE KIT;PELICAN;1520;CASE-VZN;DSMC;0;0;;2018-10-05 00:00:00;;;VZN7-9918;0;165.5;;;0;;0;;0;;0.0;;DROHQ;;0;2018-07-04 00:00:00;14;
105;571-265-8171;932836;CELL PHONE;SAMSUNG;GALAXY S7;CELL-VS;DSMC;0;0;;2018-10-05 00:00:00;;;UNASSIGNED;0;600.0;;;0;;0;;0;;0.0;;DROHQ;571-265-8171;0;2018-07-04 00:00:00;0;
106;703-498-6113;932470;CELL PHONE;SAMSUNG;GALAXY S7;CELL-VS;DSMC;0;0;;2018-10-05 00:00:00;;;UNASSIGNED;0;600.0;;;0;;0;;0;;0.0;;DROHQ;703-498-6113;0;2018-07-04 00:00:00;0;
107;703-498-6069;961511;CELL PHONE;SAMSUNG;GALAXY S7;CELL-VS;DSMC;0;0;;2018-10-05 00:00:00;;;UNASSIGNED;0;600.0;;;0;;0;;0;;0.0;;DROHQ;703-498-6069;0;2018-07-04 00:00:00;0;
108;571-265-8122;932771;CELL PHONE;SAMSUNG;GALAXY S7;CELL-VS;DSMC;0;0;;2018-10-05 00:00:00;;;UNASSIGNED;0;600.0;;;0;;0;;0;;0.0;;DROHQ;571-265-8122;0;2018-07-04 00:00:00;0;
109;703-498-6106;932456;CELL PHONE;SAMSUNG;GALAXY S7;CELL-VS;DSMC;0;0;;2018-10-05 00:00:00;;;UNASSIGNED;0;600.0;;;0;;0;;0;;0.0;;DROHQ;703-498-6106;0;2018-07-04 00:00:00;0;
110;703-498-6080;918106;CELL PHONE;SAMSUNG;GALAXY S7;CELL-VS;DSMC;0;0;;2018-10-05 00:00:00;;;UNASSIGNED;0;600.0;;;0;;0;;0;;0.0;;DROHQ;703-498-6080;0;2018-07-04 00:00:00;0;
111;571-265-8163;932723;CELL PHONE;SAMSUNG;GALAXY S7;CELL-VS;DSMC;0;0;;2018-10-05 00:00:00;;;VZN7-9918;0;600.0;;;0;;0;;0;;0.0;;DROHQ;571-265-8163;0;2018-07-04 00:00:00;0;
112;703-498-6108;932460;CELL PHONE;SAMSUNG;GALAXY S7;CELL-VS;DSMC;-1;0;;2018-10-05 00:00:00;;;VZN7-9918;0;600.0;;;0;;0;;0;;0.0;;DROHQ;703-498-6108;0;2018-07-04 00:00:00;0;
113;571-265-8294;932695;CELL PHONE;SAMSUNG;GALAXY S7;CELL-VS;DSMC;0;0;;2018-10-05 00:00:00;;;UNASSIGNED;0;600.0;;;0;;0;;0;;0.0;;DROHQ;571-265-8294;0;2018-07-04 00:00:00;0;
114;703-498-6057;932484;CELL PHONE;SAMSUNG;GALAXY S7;CELL-VS;DSMC;0;0;;2018-10-05 00:00:00;;;UNASSIGNED;0;600.0;;;0;;0;;0;;0.0;;DROHQ;703-498-6057;0;2018-07-04 00:00:00;0;
115;VZN7-9931;949309;VERIZON SMARTPHONE KIT;PELICAN;1550;CASE-VZN;DSMC;0;0;;2018-10-05 00:00:00;;;VZN7-9931;0;187.5;;;0;;0;;0;;0.0;;DROHQ;;0;2018-07-04 00:00:00;14;
116;703-955-9431;932930;CELL PHONE;SAMSUNG;GALAXY S7;CELL-VS;DSMC;-1;0;;2018-10-05 00:00:00;;;VZN7-9931;0;600.0;;;0;;0;;0;;0.0;;DROHQ;703-955-9431;0;2018-07-04 00:00:00;0;
117;571-265-8119;932711;CELL PHONE;SAMSUNG;GALAXY S7;CELL-VS;DSMC;0;0;;2018-10-05 00:00:00;;;UNASSIGNED;0;600.0;;;0;;0;;0;;0.0;;DROHQ;571-265-8119;0;2018-07-04 00:00:00;0;
118;571-265-8138;932715;CELL PHONE;SAMSUNG;GALAXY S7;CELL-VS;DSMC;0;0;;2018-10-05 00:00:00;;;UNASSIGNED;0;600.0;;;0;;0;;0;;0.0;;DROHQ;571-265-8138;0;2018-07-04 00:00:00;0;
119;571-265-8295;932716;CELL PHONE;SAMSUNG;GALAXY S7;CELL-VS;DSMC;0;0;;2018-10-05 00:00:00;;;VZN7-9931;0;600.0;;;0;;0;;0;;0.0;;DROHQ;571-265-8295;0;2018-07-04 00:00:00;0;
120;703-955-9458;932717;CELL PHONE;SAMSUNG;GALAXY S7;CELL-VS;DSMC;0;0;;2018-10-05 00:00:00;;;UNASSIGNED;0;600.0;;;0;;0;;0;;0.0;;DROHQ;703-955-9458;0;2018-07-04 00:00:00;0;
121;571-237-2289;964552;CELL PHONE;SAMSUNG;GALAXY S7;CELL-VS;DSMC;0;0;;2018-10-05 00:00:00;;;UNASSIGNED;0;600.0;;;0;;0;;0;;0.0;;DROHQ;571-237-2289;0;2018-07-04 00:00:00;0;
122;571-265-8307;932731;CELL PHONE;SAMSUNG;GALAXY S7;CELL-VS;DSMC;0;0;;2018-10-05 00:00:00;;;UNASSIGNED;0;600.0;;;0;;0;;0;;0.0;;DROHQ;571-265-8307;0;2018-07-04 00:00:00;0;
123;571-265-8258;932742;CELL PHONE;SAMSUNG;GALAXY S7;CELL-VS;DSMC;0;0;;2018-10-05 00:00:00;;;UNASSIGNED;0;600.0;;;0;;0;;0;;0.0;;DROHQ;571-265-8258;0;2018-07-04 00:00:00;0;
124;571-265-8200;932783;CELL PHONE;SAMSUNG;GALAXY S7;CELL-VS;DSMC;0;0;;2018-10-05 00:00:00;;;VZN7-9931;0;600.0;;;0;;0;;0;;0.0;;DROHQ;571-265-8200;0;2018-07-04 00:00:00;0;
125;703-955-9344;932793;CELL PHONE;SAMSUNG;GALAXY S7;CELL-VS;DSMC;0;0;;2018-10-05 00:00:00;;;UNASSIGNED;0;600.0;;;0;;0;;0;;0.0;;DROHQ;703-955-9344;0;2018-07-04 00:00:00;0;
126;VZN7-9935;949205;VERIZON SMARTPHONE KIT;PELICAN;1550;CASE-VZN;DSMC;0;0;;2018-10-05 00:00:00;;;VZN7-9935;0;187.5;;;0;;0;;0;;0.0;;DROHQ;;0;2018-07-04 00:00:00;14;
127;571-265-8237;932898;CELL PHONE;SAMSUNG;GALAXY S7;CELL-VS;DSMC;0;0;;2018-10-05 00:00:00;;;UNASSIGNED;0;600.0;;;0;;0;;0;;0.0;;DROHQ;571-265-8237;0;2018-07-04 00:00:00;0;
128;703-498-6021;962064;CELL PHONE;SAMSUNG;GALAXY S7;CELL-VS;DSMC;0;0;;2018-10-05 00:00:00;;;UNASSIGNED;0;600.0;;;0;;0;;0;;0.0;;DROHQ;703-498-6021;0;2018-07-04 00:00:00;0;
129;202-373-9939;932488;CELL PHONE;SAMSUNG;GALAXY S7;CELL-VS;DSMC;0;0;;2018-10-05 00:00:00;;;UNASSIGNED;0;600.0;;;0;;0;;0;;0.0;;DROHQ;202-373-9939;0;2018-07-04 00:00:00;0;
130;571-265-8162;932719;CELL PHONE;SAMSUNG;GALAXY S7;CELL-VS;DSMC;0;0;;2018-10-05 00:00:00;;;UNASSIGNED;0;600.0;;;0;;0;;0;;0.0;;DROHQ;571-265-8162;0;2018-07-04 00:00:00;0;
131;703-498-6075;932478;CELL PHONE;SAMSUNG;GALAXY S7;CELL-VS;DSMC;0;0;;2018-10-05 00:00:00;;;UNASSIGNED;0;600.0;;;0;;0;;0;;0.0;;DROHQ;703-498-6075;0;2018-07-04 00:00:00;0;
132;571-265-8217;962067;CELL PHONE;SAMSUNG;GALAXY S7;CELL-VS;DSMC;0;0;;2018-10-05 00:00:00;;;UNASSIGNED;0;600.0;;;0;;0;;0;;0.0;;DROHQ;571-265-8217;0;2018-07-04 00:00:00;0;
133;202-286-7005;944001;CELL PHONE;SAMSUNG;GALAXY S7;CELL-VS;DSMC;0;0;;2018-10-05 00:00:00;;;UNASSIGNED;0;600.0;;;0;;0;;0;;0.0;;DROHQ;202-286-7005;0;2018-07-04 00:00:00;0;
134;703-955-9405;918119;CELL PHONE;SAMSUNG;GALAXY S7;CELL-VS;DSMC;0;0;;2018-10-05 00:00:00;;;UNASSIGNED;0;600.0;;;0;;0;;0;;0.0;;DROHQ;703-955-9405;0;2018-07-04 00:00:00;0;
135;703-498-6087;932550;CELL PHONE;SAMSUNG;GALAXY S7;CELL-VS;DSMC;0;0;;2018-10-05 00:00:00;;;UNASSIGNED;0;600.0;;;0;;0;;0;;0.0;;DROHQ;703-498-6087;0;2018-07-04 00:00:00;0;
136;202-439-0498;959959;CELL PHONE;SAMSUNG;GALAXY S7;CELL-VS;DSMC;0;0;;2018-10-05 00:00:00;;;UNASSIGNED;0;600.0;;;0;;0;;0;;0.0;;DROHQ;202-439-0498;0;2018-07-04 00:00:00;0;
137;VZN7-9924;949298;VERIZON SMARTPHONE KIT;PELICAN;1550;CASE-VZN;DSMC;0;0;;2018-10-05 00:00:00;;;VZN7-9924;0;187.5;;;0;;0;;0;;0.0;;DROHQ;;0;2018-07-04 00:00:00;14;
138;571-265-8267;932799;CELL PHONE;SAMSUNG;GALAXY S7;CELL-VS;DSMC;0;0;;2018-10-05 00:00:00;;;UNASSIGNED;0;600.0;;;0;;0;;0;;0.0;;DROHQ;571-265-8267;0;2018-07-04 00:00:00;0;
139;571-265-8180;932671;CELL PHONE;SAMSUNG;GALAXY S7;CELL-VS;DSMC;0;0;;2018-10-05 00:00:00;;;VZN7-9924;0;600.0;;;0;;0;;0;;0.0;;DROHQ;571-265-8180;0;2018-07-04 00:00:00;0;
140;202-439-3068;918094;CELL PHONE;SAMSUNG;GALAXY S7;CELL-VS;DSMC;0;0;;2018-10-05 00:00:00;;;UNASSIGNED;0;600.0;;;0;;0;;0;;0.0;;DROHQ;202-439-3068;0;2018-07-04 00:00:00;0;
141;702-499-5384;932523;CELL PHONE;SAMSUNG;GALAXY S7;CELL-VS;DSMC;0;0;;2018-10-05 00:00:00;;;UNASSIGNED;0;600.0;;;0;;0;;0;;0.0;;DROHQ;702-499-5384;0;2018-07-04 00:00:00;0;
142;571-265-8222;932808;CELL PHONE;SAMSUNG;GALAXY S7;CELL-VS;DSMC;0;0;;2018-10-05 00:00:00;;;VZN7-9924;0;600.0;;;0;;0;;0;;0.0;;DROHQ;571-265-8222;0;2018-07-04 00:00:00;0;
143;571-265-8226;932809;CELL PHONE;SAMSUNG;GALAXY S7;CELL-VS;DSMC;-1;0;;2018-10-05 00:00:00;;;UNASSIGNED;0;600.0;;;0;;0;;0;;0.0;;DROHQ;571-265-8226;0;2018-07-04 00:00:00;0;
144;571-265-8266;932810;CELL PHONE;SAMSUNG;GALAXY S7;CELL-VS;DSMC;0;0;;2018-10-05 00:00:00;;;UNASSIGNED;0;600.0;;;0;;0;;0;;0.0;;DROHQ;571-265-8266;0;2018-07-04 00:00:00;0;
145;571-265-8298;932830;CELL PHONE;SAMSUNG;GALAXY S7;CELL-VS;DSMC;0;0;;2018-10-05 00:00:00;;;UNASSIGNED;0;600.0;;;0;;0;;0;;0.0;;DROHQ;571-265-8298;0;2018-07-04 00:00:00;0;
146;571-265-8299;932825;CELL PHONE;SAMSUNG;GALAXY S7;CELL-VS;DSMC;0;0;;2018-10-05 00:00:00;;;VZN7-9924;0;600.0;;;0;;0;;0;;0.0;;DROHQ;571-265-8299;0;2018-07-04 00:00:00;0;
147;703-955-9316;932787;CELL PHONE;SAMSUNG;GALAXY S7;CELL-VS;DSMC;0;0;;2018-10-05 00:00:00;;;UNASSIGNED;0;600.0;;;0;;0;;0;;0.0;;DROHQ;703-955-9316;0;2018-07-04 00:00:00;0;
148;ATT7-9414;951033;ATT SMARTPHONE KIT;PELICAN;1520;CASE-ATT;DSMC;0;0;;2018-10-05 00:00:00;;;ATT7-9414;0;165.5;;;0;;0;;0;;0.0;;DROHQ;;0;2018-07-04 00:00:00;18;
149;703-376-4353;962062;CELL PHONE;SAMSUNG;GALAXY S7;CELL-AS;DSMC;0;0;;2018-10-05 00:00:00;;;UNASSIGNED;0;600.0;;;0;;0;;0;;0.0;;DROHQ;703-376-4353;0;2018-07-04 00:00:00;0;
150;202-373-9498;932637;CELL PHONE;SAMSUNG;GALAXY S7;CELL-AS;DSMC;0;0;;2018-10-05 00:00:00;;;UNASSIGNED;0;600.0;;;0;;0;;0;;0.0;;DROHQ;202-373-9498;0;2018-07-04 00:00:00;0;
151;571-265-8147;932738;CELL PHONE;SAMSUNG;GALAXY S7;CELL-AS;DSMC;0;0;;2018-10-05 00:00:00;;;UNASSIGNED;0;600.0;;;0;;0;;0;;0.0;;DROHQ;571-265-8147;0;2018-07-04 00:00:00;0;
152;703-955-9331;932791;CELL PHONE;SAMSUNG;GALAXY S7;CELL-AS;DSMC;0;0;;2018-10-05 00:00:00;;;UNASSIGNED;0;600.0;;;0;;0;;0;;0.0;;DROHQ;703-955-9331;0;2018-07-04 00:00:00;0;
153;703-296-6892;952844;CELL PHONE;SAMSUNG;GALAXY S7;CELL-AS;DSMC;0;0;;2018-10-05 00:00:00;;;UNASSIGNED;0;600.0;;;0;;0;;0;;0.0;;DROHQ;703-296-6892;0;2018-07-04 00:00:00;0;
154;703-498-6103;932454;CELL PHONE;SAMSUNG;GALAXY S7;CELL-AS;DSMC;0;0;;2018-10-05 00:00:00;;;UNASSIGNED;0;600.0;;;0;;0;;0;;0.0;;DROHQ;703-498-6103;0;2018-07-04 00:00:00;0;
155;703-498-6070;932526;CELL PHONE;SAMSUNG;GALAXY S7;CELL-AS;DSMC;0;0;;2018-10-05 00:00:00;;;UNASSIGNED;0;600.0;;;0;;0;;0;;0.0;;DROHQ;703-498-6070;0;2018-07-04 00:00:00;0;
156;703-955-9523;932933;CELL PHONE;SAMSUNG;GALAXY S7;CELL-AS;DSMC;0;0;;2018-10-05 00:00:00;;;ATT7-9414;0;600.0;;;0;;0;;0;;0.0;;DROHQ;703-955-9523;0;2018-07-04 00:00:00;0;
157;703-955-9365;932921;CELL PHONE;SAMSUNG;GALAXY S7;CELL-AS;DSMC;0;0;;2018-10-05 00:00:00;;;UNASSIGNED;0;600.0;;;0;;0;;0;;0.0;;DROHQ;703-955-9365;0;2018-07-04 00:00:00;0;
158;703-955-9635;982544;CELL PHONE;SAMSUNG;GALAXY S7;CELL-AS;DSMC;0;0;;2018-10-05 00:00:00;;;ATT7-9414;0;600.0;;;0;;0;;0;;0.0;;DROHQ;703-955-9635;0;2018-07-04 00:00:00;0;
159;USKS-991227;991227;SWITCH;UBIQUITI NETWORKS;UNIFI SWITCH 24;SW-24;DSMC;-1;0;;2018-10-05 00:00:00;;;SCK-99;0;300.0;;;0;;0;;0;;0.0;;DROHQ;;0;2018-07-04 00:00:00;0;
160;991820;991820;ROUTER;UNIFI;USG-PRO-4;RTR;DSMC;-1;0;;2018-10-05 00:00:00;;;SCK-99;0;300.0;;;0;;0;;0;;0.0;;DROHQ;;0;2018-07-04 00:00:00;0;
